https://www.google.co.th/maps/dir/13.69811446693078,100.47281142986598/13.41307,101.02275
https://www.google.co.th/maps/dir/13.69811446693078,100.47281142986598/15.8716,104.64114
https://www.google.co.th/maps/dir/13.69811446693078,100.47281142986598/13.34605,99.88281

https://www.google.co.th/maps/dir/13.69811446693078,100.47281142986598/13.68309,100.70365
https://www.google.co.th/maps/dir/13.69811446693078,100.47281142986598/13.70235,102.50928
https://www.google.co.th/maps/dir/13.69811446693078,100.47281142986598/16.81701,100.29995
https://www.google.co.th/maps/dir/13.69811446693078,100.47281142986598/13.61241,100.83777
https://www.google.co.th/maps/dir/13.69811446693078,100.47281142986598/13.73202,100.64907
https://www.google.co.th/maps/dir/13.69811446693078,100.47281142986598/13.76685,100.72098
https://www.google.co.th/maps/dir/13.69811446693078,100.47281142986598/14.359,100.56875
https://www.google.co.th/maps/dir/13.69811446693078,100.47281142986598/13.06837,99.94669
https://www.google.co.th/maps/dir/13.69811446693078,100.47281142986598/12.92481,100.867
https://www.google.co.th/maps/dir/13.69811446693078,100.47281142986598/16.09659,102.73204
https://www.google.co.th/maps/dir/13.69811446693078,100.47281142986598/13.2336,101.22206
https://www.google.co.th/maps/dir/13.69811446693078,100.47281142986598/13.20399,101.24468
https://www.google.co.th/maps/dir/13.69811446693078,100.47281142986598/13.30226,101.14011
https://www.google.co.th/maps/dir/13.69811446693078,100.47281142986598/12.72316,101.05156
https://www.google.co.th/maps/dir/13.69811446693078,100.47281142986598/17.00547,99.56772
https://www.google.co.th/maps/dir/13.69811446693078,100.47281142986598/19.94663,99.84725
https://www.google.co.th/maps/dir/13.69811446693078,100.47281142986598/12.76615,101.29074
https://www.google.co.th/maps/dir/13.69811446693078,100.47281142986598/12.86748,101.31456
https://www.google.co.th/maps/dir/13.69811446693078,100.47281142986598/13.73142,100.49372
https://www.google.co.th/maps/dir/13.69811446693078,100.47281142986598/13.74625,100.49748
https://www.google.co.th/maps/dir/13.69811446693078,100.47281142986598/14.29335,101.03913
https://www.google.co.th/maps/dir/13.69811446693078,100.47281142986598/8.93864,99.26031
https://www.google.co.th/maps/dir/13.69811446693078,100.47281142986598/6.96526,100.52113
https://www.google.co.th/maps/dir/13.69811446693078,100.47281142986598/13.536,100.17747
https://www.google.co.th/maps/dir/13.69811446693078,100.47281142986598/13.60247,101.09491
https://www.google.co.th/maps/dir/13.69811446693078,100.47281142986598/13.82819,99.87798
https://www.google.co.th/maps/dir/13.69811446693078,100.47281142986598/13.79295,99.92496
https://www.google.co.th/maps/dir/13.69811446693078,100.47281142986598/17.02849,99.09215

https://www.google.co.th/maps/dir/13.69811446693078,100.47281142986598/13.586,100.84863
https://www.google.co.th/maps/dir/13.69811446693078,100.47281142986598/13.67033,100.40532
https://www.google.co.th/maps/dir/13.69811446693078,100.47281142986598/13.65458,100.39183
https://www.google.co.th/maps/dir/13.69811446693078,100.47281142986598/13.94466,100.41405
https://www.google.co.th/maps/dir/13.69811446693078,100.47281142986598/13.94563,100.38029
https://www.google.co.th/maps/dir/13.69811446693078,100.47281142986598/13.9478,100.41153
https://www.google.co.th/maps/dir/13.69811446693078,100.47281142986598/13.88102,100.43365
https://www.google.co.th/maps/dir/13.69811446693078,100.47281142986598/13.87587,100.42721
https://www.google.co.th/maps/dir/13.69811446693078,100.47281142986598/13.94391,100.42776
https://www.google.co.th/maps/dir/13.69811446693078,100.47281142986598/13.86927,100.64516
https://www.google.co.th/maps/dir/13.69811446693078,100.47281142986598/13.63,100.43436
https://www.google.co.th/maps/dir/13.69811446693078,100.47281142986598/13.65983,100.43
https://www.google.co.th/maps/dir/13.69811446693078,100.47281142986598/13.80356,100.47604
https://www.google.co.th/maps/dir/13.69811446693078,100.47281142986598/13.01071,100.99681
https://www.google.co.th/maps/dir/13.69811446693078,100.47281142986598/13.03913,100.92688
https://www.google.co.th/maps/dir/13.69811446693078,100.47281142986598/12.93086,100.9102
https://www.google.co.th/maps/dir/13.69811446693078,100.47281142986598/12.87044,100.90371
https://www.google.co.th/maps/dir/13.69811446693078,100.47281142986598/13.7882,100.95309
https://www.google.co.th/maps/dir/13.69811446693078,100.47281142986598/14.48492,100.52805
https://www.google.co.th/maps/dir/13.69811446693078,100.47281142986598/14.2902,100.66367
https://www.google.co.th/maps/dir/13.69811446693078,100.47281142986598/13.78318,100.49182
https://www.google.co.th/maps/dir/13.69811446693078,100.47281142986598/13.79452,100.50661
https://www.google.co.th/maps/dir/13.69811446693078,100.47281142986598/13.24813,100.93428
https://www.google.co.th/maps/dir/13.69811446693078,100.47281142986598/13.24094,100.99632
https://www.google.co.th/maps/dir/13.69811446693078,100.47281142986598/13.99931,100.57237
https://www.google.co.th/maps/dir/13.69811446693078,100.47281142986598/14.39303,100.17087
https://www.google.co.th/maps/dir/13.69811446693078,100.47281142986598/11.08335,99.36978
https://www.google.co.th/maps/dir/13.69811446693078,100.47281142986598/13.82624,100.47955
https://www.google.co.th/maps/dir/13.69811446693078,100.47281142986598/13.69898,100.60445
https://www.google.co.th/maps/dir/13.69811446693078,100.47281142986598/13.76697,100.6567
https://www.google.co.th/maps/dir/13.69811446693078,100.47281142986598/13.75501,100.64631
https://www.google.co.th/maps/dir/13.69811446693078,100.47281142986598/13.67014,101.20028
https://www.google.co.th/maps/dir/13.69811446693078,100.47281142986598/13.65839,101.14384
https://www.google.co.th/maps/dir/13.69811446693078,100.47281142986598/13.66758,101.19184
https://www.google.co.th/maps/dir/13.69811446693078,100.47281142986598/13.59661,100.43178
https://www.google.co.th/maps/dir/13.69811446693078,100.47281142986598/13.60748,100.7712
https://www.google.co.th/maps/dir/13.69811446693078,100.47281142986598/13.57651,100.88804
https://www.google.co.th/maps/dir/13.69811446693078,100.47281142986598/13.64247,100.69668
https://www.google.co.th/maps/dir/13.69811446693078,100.47281142986598/13.55265,100.95709
https://www.google.co.th/maps/dir/13.69811446693078,100.47281142986598/13.56578,100.99736
https://www.google.co.th/maps/dir/13.69811446693078,100.47281142986598/13.50149,101.003
https://www.google.co.th/maps/dir/13.69811446693078,100.47281142986598/13.28162,100.92968
https://www.google.co.th/maps/dir/13.69811446693078,100.47281142986598/13.8686,100.40983
https://www.google.co.th/maps/dir/13.69811446693078,100.47281142986598/13.86199,100.43884
https://www.google.co.th/maps/dir/13.69811446693078,100.47281142986598/13.87749,100.40731
https://www.google.co.th/maps/dir/13.69811446693078,100.47281142986598/13.68737,100.64852
https://www.google.co.th/maps/dir/13.69811446693078,100.47281142986598/13.75276,100.47826
https://www.google.co.th/maps/dir/13.69811446693078,100.47281142986598/13.75149,100.51749
https://www.google.co.th/maps/dir/13.69811446693078,100.47281142986598/13.92673,100.58572
https://www.google.co.th/maps/dir/13.69811446693078,100.47281142986598/13.78211,100.41569
https://www.google.co.th/maps/dir/13.69811446693078,100.47281142986598/13.78861,100.34222
https://www.google.co.th/maps/dir/13.69811446693078,100.47281142986598/16.4007,99.52079
https://www.google.co.th/maps/dir/13.69811446693078,100.47281142986598/16.50973,100.13472
https://www.google.co.th/maps/dir/13.69811446693078,100.47281142986598/16.81982,99.13092
https://www.google.co.th/maps/dir/13.69811446693078,100.47281142986598/17.39064,103.33433


https://www.google.co.th/maps/dir/13.69811446693078,100.47281142986598/13.89118,100.4071
https://www.google.co.th/maps/dir/13.69811446693078,100.47281142986598/13.8454,100.30534
https://www.google.co.th/maps/dir/13.69811446693078,100.47281142986598/18.3492,103.6375
https://www.google.co.th/maps/dir/13.69811446693078,100.47281142986598/13.81159,100.65066
https://www.google.co.th/maps/dir/13.69811446693078,100.47281142986598/15.81548,101.00638
https://www.google.co.th/maps/dir/13.69811446693078,100.47281142986598/13.82933,100.65869

https://www.google.co.th/maps/dir/13.69811446693078,100.47281142986598/12.88996,100.88753
https://www.google.co.th/maps/dir/13.69811446693078,100.47281142986598/13.8924,100.39246
https://www.google.co.th/maps/dir/13.69811446693078,100.47281142986598/12.77694,99.96669
https://www.google.co.th/maps/dir/13.69811446693078,100.47281142986598/12.88508,99.9113
https://www.google.co.th/maps/dir/13.69811446693078,100.47281142986598/12.79639,99.98433

https://www.google.co.th/maps/dir/13.69811446693078,100.47281142986598/13.676,101.05138
https://www.google.co.th/maps/dir/13.69811446693078,100.47281142986598/13.68792,101.05441
https://www.google.co.th/maps/dir/13.69811446693078,100.47281142986598/13.66396,101.04959
https://www.google.co.th/maps/dir/13.69811446693078,100.47281142986598/13.68267,101.08046
https://www.google.co.th/maps/dir/13.69811446693078,100.47281142986598/13.66193,101.10042
https://www.google.co.th/maps/dir/13.69811446693078,100.47281142986598/13.76003,100.98982
https://www.google.co.th/maps/dir/13.69811446693078,100.47281142986598/13.88183,100.56484
https://www.google.co.th/maps/dir/13.69811446693078,100.47281142986598/13.8964,100.5613
https://www.google.co.th/maps/dir/13.69811446693078,100.47281142986598/13.90138,100.52913
https://www.google.co.th/maps/dir/13.69811446693078,100.47281142986598/15.19113,100.13343
https://www.google.co.th/maps/dir/13.69811446693078,100.47281142986598/9.38647,99.17053
https://www.google.co.th/maps/dir/13.69811446693078,100.47281142986598/15.56588,102.8261
https://www.google.co.th/maps/dir/13.69811446693078,100.47281142986598/15.90831,102.12534
https://www.google.co.th/maps/dir/13.69811446693078,100.47281142986598/15.80555,102.03515
https://www.google.co.th/maps/dir/13.69811446693078,100.47281142986598/13.76932,100.80947
https://www.google.co.th/maps/dir/13.69811446693078,100.47281142986598/13.7779,100.55966


https://www.google.co.th/maps/dir/13.69811446693078,100.47281142986598/13.70875,100.51553
https://www.google.co.th/maps/dir/13.69811446693078,100.47281142986598/13.70827,100.52688
https://www.google.co.th/maps/dir/13.69811446693078,100.47281142986598/13.91329,100.58983
https://www.google.co.th/maps/dir/13.69811446693078,100.47281142986598/12.77187,101.842
https://www.google.co.th/maps/dir/13.69811446693078,100.47281142986598/13.11791,102.21919
https://www.google.co.th/maps/dir/13.69811446693078,100.47281142986598/12.61601,102.1064
https://www.google.co.th/maps/dir/13.69811446693078,100.47281142986598/13.75231,100.78272
https://www.google.co.th/maps/dir/13.69811446693078,100.47281142986598/15.2525,100.2045
https://www.google.co.th/maps/dir/13.69811446693078,100.47281142986598/13.70857,100.50984
https://www.google.co.th/maps/dir/13.69811446693078,100.47281142986598/13.7052,100.34091
https://www.google.co.th/maps/dir/13.69811446693078,100.47281142986598/14.68129,100.46617
https://www.google.co.th/maps/dir/13.69811446693078,100.47281142986598/19.35189,98.95836
https://www.google.co.th/maps/dir/13.69811446693078,100.47281142986598/19.51699,100.29246
https://www.google.co.th/maps/dir/13.69811446693078,100.47281142986598/18.8341,98.9758
https://www.google.co.th/maps/dir/13.69811446693078,100.47281142986598/18.76614,98.97597
https://www.google.co.th/maps/dir/13.69811446693078,100.47281142986598/19.9072,99.82314
https://www.google.co.th/maps/dir/13.69811446693078,100.47281142986598/19.87133,99.82702
https://www.google.co.th/maps/dir/13.69811446693078,100.47281142986598/19.8402,99.79576
https://www.google.co.th/maps/dir/13.69811446693078,100.47281142986598/19.90907,99.78858
https://www.google.co.th/maps/dir/13.69811446693078,100.47281142986598/19.90165,99.82882
https://www.google.co.th/maps/dir/13.69811446693078,100.47281142986598/20.2743,100.08271
https://www.google.co.th/maps/dir/13.69811446693078,100.47281142986598/13.88398,100.49183
https://www.google.co.th/maps/dir/13.69811446693078,100.47281142986598/14.7403,102.15769
https://www.google.co.th/maps/dir/13.69811446693078,100.47281142986598/14.75729,102.16384
https://www.google.co.th/maps/dir/13.69811446693078,100.47281142986598/13.81147,100.59633
https://www.google.co.th/maps/dir/13.69811446693078,100.47281142986598/13.69841,100.47104
https://www.google.co.th/maps/dir/13.69811446693078,100.47281142986598/13.40336,101.00286
https://www.google.co.th/maps/dir/13.69811446693078,100.47281142986598/13.36565,101.01861
https://www.google.co.th/maps/dir/13.69811446693078,100.47281142986598/19.87589,99.8476
https://www.google.co.th/maps/dir/13.69811446693078,100.47281142986598/13.36045,101.01358
https://www.google.co.th/maps/dir/13.69811446693078,100.47281142986598/13.73427,100.53009
https://www.google.co.th/maps/dir/13.69811446693078,100.47281142986598/15.21386,100.82464
https://www.google.co.th/maps/dir/13.69811446693078,100.47281142986598/13.81856,100.51496
https://www.google.co.th/maps/dir/13.69811446693078,100.47281142986598/16.5524,102.08648
https://www.google.co.th/maps/dir/13.69811446693078,100.47281142986598/13.7693,100.57358
https://www.google.co.th/maps/dir/13.69811446693078,100.47281142986598/13.7693,100.57358
https://www.google.co.th/maps/dir/13.69811446693078,100.47281142986598/13.50451,99.97276
https://www.google.co.th/maps/dir/13.69811446693078,100.47281142986598/14.90149,105.0804
https://www.google.co.th/maps/dir/13.69811446693078,100.47281142986598/13.65421,100.41138
https://www.google.co.th/maps/dir/13.69811446693078,100.47281142986598/20.26946,99.86002
https://www.google.co.th/maps/dir/13.69811446693078,100.47281142986598/14.62803,100.01547
https://www.google.co.th/maps/dir/13.69811446693078,100.47281142986598/13.59693,100.65875
https://www.google.co.th/maps/dir/13.69811446693078,100.47281142986598/13.96517,100.59598
https://www.google.co.th/maps/dir/13.69811446693078,100.47281142986598/13.59342,100.59686
https://www.google.co.th/maps/dir/13.69811446693078,100.47281142986598/14.84668,101.63237
https://www.google.co.th/maps/dir/13.69811446693078,100.47281142986598/14.89937,101.7205
https://www.google.co.th/maps/dir/13.69811446693078,100.47281142986598/16.47025,102.82848
https://www.google.co.th/maps/dir/13.69811446693078,100.47281142986598/19.82834,99.17017
https://www.google.co.th/maps/dir/13.69811446693078,100.47281142986598/13.82522,100.67763
https://www.google.co.th/maps/dir/13.69811446693078,100.47281142986598/14.67493,102.01643
https://www.google.co.th/maps/dir/13.69811446693078,100.47281142986598/12.63979,101.39024
https://www.google.co.th/maps/dir/13.69811446693078,100.47281142986598/13.23545,101.22131
https://www.google.co.th/maps/dir/13.69811446693078,100.47281142986598/14.41921,100.53235



https://www.google.co.th/maps/dir/13.69811446693078,100.47281142986598/14.34881,100.86758

https://www.google.co.th/maps/dir/13.69811446693078,100.47281142986598/13.69842,100.44069





https://www.google.co.th/maps/dir/13.69811446693078,100.47281142986598/13.55427,100.28611


https://www.google.co.th/maps/dir/13.69811446693078,100.47281142986598/13.98914,100.61564
https://www.google.co.th/maps/dir/13.69811446693078,100.47281142986598/13.71885,100.58575

https://www.google.co.th/maps/dir/13.69811446693078,100.47281142986598/13.75658,100.51062
https://www.google.co.th/maps/dir/13.69811446693078,100.47281142986598/16.38422,102.12889
https://www.google.co.th/maps/dir/13.69811446693078,100.47281142986598/14.11102,101.01744
https://www.google.co.th/maps/dir/13.69811446693078,100.47281142986598/18.31386,99.38357
https://www.google.co.th/maps/dir/13.69811446693078,100.47281142986598/18.71978,98.97141
https://www.google.co.th/maps/dir/13.69811446693078,100.47281142986598/13.78036,100.64408
https://www.google.co.th/maps/dir/13.69811446693078,100.47281142986598/7.01229,100.457
https://www.google.co.th/maps/dir/13.69811446693078,100.47281142986598/7.01708,100.46673
https://www.google.co.th/maps/dir/13.69811446693078,100.47281142986598/13.83216,100.7197
https://www.google.co.th/maps/dir/13.69811446693078,100.47281142986598/13.91126,100.72152
https://www.google.co.th/maps/dir/13.69811446693078,100.47281142986598/14.35403,100.85419
https://www.google.co.th/maps/dir/13.69811446693078,100.47281142986598/13.78739,100.69198
https://www.google.co.th/maps/dir/13.69811446693078,100.47281142986598/14.87494,101.84448
https://www.google.co.th/maps/dir/13.69811446693078,100.47281142986598/14.79754,101.90601
https://www.google.co.th/maps/dir/13.69811446693078,100.47281142986598/6.94208,100.47136
https://www.google.co.th/maps/dir/13.69811446693078,100.47281142986598/13.87072,100.46128
https://www.google.co.th/maps/dir/13.69811446693078,100.47281142986598/12.57138,99.95675
https://www.google.co.th/maps/dir/13.69811446693078,100.47281142986598/13.61553,100.7574
https://www.google.co.th/maps/dir/13.69811446693078,100.47281142986598/14.62765,100.89052
https://www.google.co.th/maps/dir/13.69811446693078,100.47281142986598/16.64316,103.90253
https://www.google.co.th/maps/dir/13.69811446693078,100.47281142986598/13.74007,100.52429
https://www.google.co.th/maps/dir/13.69811446693078,100.47281142986598/13.72639,100.50869
https://www.google.co.th/maps/dir/13.69811446693078,100.47281142986598/13.42278,101.00153
https://www.google.co.th/maps/dir/13.69811446693078,100.47281142986598/13.78506,100.61209
https://www.google.co.th/maps/dir/13.69811446693078,100.47281142986598/13.88125,100.40965
https://www.google.co.th/maps/dir/13.69811446693078,100.47281142986598/13.96623,100.58838
https://www.google.co.th/maps/dir/13.69811446693078,100.47281142986598/12.85576,101.09367
https://www.google.co.th/maps/dir/13.69811446693078,100.47281142986598/16.48105,100.48427

https://www.google.co.th/maps/dir/13.69811446693078,100.47281142986598/14.98898,103.08982
https://www.google.co.th/maps/dir/13.69811446693078,100.47281142986598/15.11769,103.57412
https://www.google.co.th/maps/dir/13.69811446693078,100.47281142986598/14.01563,101.69382
https://www.google.co.th/maps/dir/13.69811446693078,100.47281142986598/14.05504,101.79435
https://www.google.co.th/maps/dir/13.69811446693078,100.47281142986598/14.02297,101.7829
https://www.google.co.th/maps/dir/13.69811446693078,100.47281142986598/13.97558,101.74591
https://www.google.co.th/maps/dir/13.69811446693078,100.47281142986598/14.6214,101.0911
https://www.google.co.th/maps/dir/13.69811446693078,100.47281142986598/14.00838,99.98918
https://www.google.co.th/maps/dir/13.69811446693078,100.47281142986598/13.93253,100.00541
https://www.google.co.th/maps/dir/13.69811446693078,100.47281142986598/13.67835,100.40704
https://www.google.co.th/maps/dir/13.69811446693078,100.47281142986598/13.99835,100.44939
https://www.google.co.th/maps/dir/13.69811446693078,100.47281142986598/14.02214,99.98927
https://www.google.co.th/maps/dir/13.69811446693078,100.47281142986598/15.65886,104.30136
https://www.google.co.th/maps/dir/13.69811446693078,100.47281142986598/16.05712,99.74349
https://www.google.co.th/maps/dir/13.69811446693078,100.47281142986598/7.47305,100.073
https://www.google.co.th/maps/dir/13.69811446693078,100.47281142986598/13.11006,101.15076
https://www.google.co.th/maps/dir/13.69811446693078,100.47281142986598/13.2148,101.05699
https://www.google.co.th/maps/dir/13.69811446693078,100.47281142986598/13.31511,99.82729
https://www.google.co.th/maps/dir/13.69811446693078,100.47281142986598/13.3209,99.82737
https://www.google.co.th/maps/dir/13.69811446693078,100.47281142986598/13.20456,99.82808
https://www.google.co.th/maps/dir/13.69811446693078,100.47281142986598/14.03694,100.66358
https://www.google.co.th/maps/dir/13.69811446693078,100.47281142986598/13.9464,100.68516
https://www.google.co.th/maps/dir/13.69811446693078,100.47281142986598/16.25593,99.68729
https://www.google.co.th/maps/dir/13.69811446693078,100.47281142986598/16.25035,99.68969
https://www.google.co.th/maps/dir/13.69811446693078,100.47281142986598/14.02701,100.61633
https://www.google.co.th/maps/dir/13.69811446693078,100.47281142986598/14.04822,100.6159
https://www.google.co.th/maps/dir/13.69811446693078,100.47281142986598/14.11102,100.6193
https://www.google.co.th/maps/dir/13.69811446693078,100.47281142986598/14.07042,100.63373
https://www.google.co.th/maps/dir/13.69811446693078,100.47281142986598/14.0245,100.6425
https://www.google.co.th/maps/dir/13.69811446693078,100.47281142986598/13.99814,100.68622
https://www.google.co.th/maps/dir/13.69811446693078,100.47281142986598/12.4394,102.3017
https://www.google.co.th/maps/dir/13.69811446693078,100.47281142986598/16.44943,102.7588
https://www.google.co.th/maps/dir/13.69811446693078,100.47281142986598/16.46408,102.78649
https://www.google.co.th/maps/dir/13.69811446693078,100.47281142986598/13.86105,100.6657
https://www.google.co.th/maps/dir/13.69811446693078,100.47281142986598/13.85695,100.68282
https://www.google.co.th/maps/dir/13.69811446693078,100.47281142986598/13.65742,100.71713



























https://www.google.co.th/maps/dir/13.69811446693078,100.47281142986598/12.77999,101.70192
https://www.google.co.th/maps/dir/13.69811446693078,100.47281142986598/12.8219,101.6304
https://www.google.co.th/maps/dir/13.69811446693078,100.47281142986598/12.74016,101.60017
https://www.google.co.th/maps/dir/13.69811446693078,100.47281142986598/12.77467,101.64086
https://www.google.co.th/maps/dir/13.69811446693078,100.47281142986598/8.08243,98.91433
https://www.google.co.th/maps/dir/13.69811446693078,100.47281142986598/13.62515,100.29327
https://www.google.co.th/maps/dir/13.69811446693078,100.47281142986598/13.65171,100.27648
https://www.google.co.th/maps/dir/13.69811446693078,100.47281142986598/13.64872,100.28758
https://www.google.co.th/maps/dir/13.69811446693078,100.47281142986598/13.67791,100.54691
https://www.google.co.th/maps/dir/13.69811446693078,100.47281142986598/12.11553,99.85276
https://www.google.co.th/maps/dir/13.69811446693078,100.47281142986598/17.13794,102.94727
https://www.google.co.th/maps/dir/13.69811446693078,100.47281142986598/17.15935,102.95092
https://www.google.co.th/maps/dir/13.69811446693078,100.47281142986598/9.19607,98.40784
https://www.google.co.th/maps/dir/13.69811446693078,100.47281142986598/14.16307,100.29156
https://www.google.co.th/maps/dir/13.69811446693078,100.47281142986598/13.85857,100.61058
https://www.google.co.th/maps/dir/13.69811446693078,100.47281142986598/13.9607,100.68329
https://www.google.co.th/maps/dir/13.69811446693078,100.47281142986598/14.04066,100.47735
https://www.google.co.th/maps/dir/13.69811446693078,100.47281142986598/13.90948,100.33023
https://www.google.co.th/maps/dir/13.69811446693078,100.47281142986598/13.92923,100.75178
https://www.google.co.th/maps/dir/13.69811446693078,100.47281142986598/13.94641,100.64256
https://www.google.co.th/maps/dir/13.69811446693078,100.47281142986598/13.93272,100.67454
https://www.google.co.th/maps/dir/13.69811446693078,100.47281142986598/13.95014,100.80921
https://www.google.co.th/maps/dir/13.69811446693078,100.47281142986598/13.95895,100.8771
https://www.google.co.th/maps/dir/13.69811446693078,100.47281142986598/13.9708,100.67831
https://www.google.co.th/maps/dir/13.69811446693078,100.47281142986598/9.79066,99.07543
https://www.google.co.th/maps/dir/13.69811446693078,100.47281142986598/9.75923,99.08421
https://www.google.co.th/maps/dir/13.69811446693078,100.47281142986598/18.29566,99.41531
https://www.google.co.th/maps/dir/13.69811446693078,100.47281142986598/18.2889,99.47958
https://www.google.co.th/maps/dir/13.69811446693078,100.47281142986598/18.28722,99.50597
https://www.google.co.th/maps/dir/13.69811446693078,100.47281142986598/18.58465,99.0424
https://www.google.co.th/maps/dir/13.69811446693078,100.47281142986598/18.54586,99.05914
https://www.google.co.th/maps/dir/13.69811446693078,100.47281142986598/18.56695,99.02718
https://www.google.co.th/maps/dir/13.69811446693078,100.47281142986598/14.63819,102.69767
https://www.google.co.th/maps/dir/13.69811446693078,100.47281142986598/13.76252,100.74611
https://www.google.co.th/maps/dir/13.69811446693078,100.47281142986598/13.72188,100.78403
https://www.google.co.th/maps/dir/13.69811446693078,100.47281142986598/13.74683,100.79249
https://www.google.co.th/maps/dir/13.69811446693078,100.47281142986598/13.72298,100.74399
https://www.google.co.th/maps/dir/13.69811446693078,100.47281142986598/13.79336,100.62798
https://www.google.co.th/maps/dir/13.69811446693078,100.47281142986598/13.77422,100.62219
https://www.google.co.th/maps/dir/13.69811446693078,100.47281142986598/13.84204,100.61818
https://www.google.co.th/maps/dir/13.69811446693078,100.47281142986598/17.80545,98.94565
https://www.google.co.th/maps/dir/13.69811446693078,100.47281142986598/16.73859,101.22721
https://www.google.co.th/maps/dir/13.69811446693078,100.47281142986598/7.12061,100.53537
https://www.google.co.th/maps/dir/13.69811446693078,100.47281142986598/13.70911,100.82366
https://www.google.co.th/maps/dir/13.69811446693078,100.47281142986598/18.14301,97.94038
https://www.google.co.th/maps/dir/13.69811446693078,100.47281142986598/20.13057,99.86388
https://www.google.co.th/maps/dir/13.69811446693078,100.47281142986598/13.54774,100.27596
https://www.google.co.th/maps/dir/13.69811446693078,100.47281142986598/16.16481,103.33245
https://www.google.co.th/maps/dir/13.69811446693078,100.47281142986598/16.24594,103.24917
https://www.google.co.th/maps/dir/13.69811446693078,100.47281142986598/18.36558,103.63867
https://www.google.co.th/maps/dir/13.69811446693078,100.47281142986598/13.77076,100.6144
https://www.google.co.th/maps/dir/13.69811446693078,100.47281142986598/18.36558,103.63867
https://www.google.co.th/maps/dir/13.69811446693078,100.47281142986598/19.88968,99.19584
https://www.google.co.th/maps/dir/13.69811446693078,100.47281142986598/13.70245,100.44596
https://www.google.co.th/maps/dir/13.69811446693078,100.47281142986598/20.40632,99.88664
https://www.google.co.th/maps/dir/13.69811446693078,100.47281142986598/13.80588,100.00881
https://www.google.co.th/maps/dir/13.69811446693078,100.47281142986598/18.75405,100.7599
https://www.google.co.th/maps/dir/13.69811446693078,100.47281142986598/13.12471,99.88854
https://www.google.co.th/maps/dir/13.69811446693078,100.47281142986598/18.36558,103.63867
https://www.google.co.th/maps/dir/13.69811446693078,100.47281142986598/13.58215,100.6203
https://www.google.co.th/maps/dir/13.69811446693078,100.47281142986598/12.42356,99.91994
https://www.google.co.th/maps/dir/13.69811446693078,100.47281142986598/12.69981,100.8898
https://www.google.co.th/maps/dir/13.69811446693078,100.47281142986598/15.27065,100.19785
https://www.google.co.th/maps/dir/13.69811446693078,100.47281142986598/12.69304,101.20175

https://www.google.co.th/maps/dir/13.69811446693078,100.47281142986598/13.78187,100.5377
https://www.google.co.th/maps/dir/13.69811446693078,100.47281142986598/13.98608,100.63162
https://www.google.co.th/maps/dir/13.69811446693078,100.47281142986598/14.40423,100.5813
https://www.google.co.th/maps/dir/13.69811446693078,100.47281142986598/13.81369,100.763
https://www.google.co.th/maps/dir/13.69811446693078,100.47281142986598/13.81306,100.70472
https://www.google.co.th/maps/dir/13.69811446693078,100.47281142986598/13.81363,100.7286
https://www.google.co.th/maps/dir/13.69811446693078,100.47281142986598/13.76008,100.50713
https://www.google.co.th/maps/dir/13.69811446693078,100.47281142986598/13.57795,99.82963
https://www.google.co.th/maps/dir/13.69811446693078,100.47281142986598/13.7117,100.42229
https://www.google.co.th/maps/dir/13.69811446693078,100.47281142986598/13.91376,100.53957
https://www.google.co.th/maps/dir/13.69811446693078,100.47281142986598/13.74428,100.56221
https://www.google.co.th/maps/dir/13.69811446693078,100.47281142986598/13.80616,100.15254
https://www.google.co.th/maps/dir/13.69811446693078,100.47281142986598/13.77585,100.21822
https://www.google.co.th/maps/dir/13.69811446693078,100.47281142986598/13.80004,100.18075
https://www.google.co.th/maps/dir/13.69811446693078,100.47281142986598/14.20331,101.20652
https://www.google.co.th/maps/dir/13.69811446693078,100.47281142986598/14.20135,101.1991
https://www.google.co.th/maps/dir/13.69811446693078,100.47281142986598/13.81302,100.11759
https://www.google.co.th/maps/dir/13.69811446693078,100.47281142986598/13.81141,100.07539
https://www.google.co.th/maps/dir/13.69811446693078,100.47281142986598/13.79867,99.97308
https://www.google.co.th/maps/dir/13.69811446693078,100.47281142986598/13.80422,100.01695
https://www.google.co.th/maps/dir/13.69811446693078,100.47281142986598/13.8024,100.00571
https://www.google.co.th/maps/dir/13.69811446693078,100.47281142986598/14.94589,102.05339
https://www.google.co.th/maps/dir/13.69811446693078,100.47281142986598/14.95332,102.02879
https://www.google.co.th/maps/dir/13.69811446693078,100.47281142986598/15.01016,102.06107
https://www.google.co.th/maps/dir/13.69811446693078,100.47281142986598/14.95153,102.12319
https://www.google.co.th/maps/dir/13.69811446693078,100.47281142986598/14.99629,102.10527
https://www.google.co.th/maps/dir/13.69811446693078,100.47281142986598/14.86329,102.07068
https://www.google.co.th/maps/dir/13.69811446693078,100.47281142986598/14.9793,102.08526
https://www.google.co.th/maps/dir/13.69811446693078,100.47281142986598/14.9831,102.11374
https://www.google.co.th/maps/dir/13.69811446693078,100.47281142986598/15.78449,99.97145
https://www.google.co.th/maps/dir/13.69811446693078,100.47281142986598/15.7127,100.06876
https://www.google.co.th/maps/dir/13.69811446693078,100.47281142986598/15.70743,100.10099
https://www.google.co.th/maps/dir/13.69811446693078,100.47281142986598/8.39297,99.97099
https://www.google.co.th/maps/dir/13.69811446693078,100.47281142986598/8.4338,99.92508
https://www.google.co.th/maps/dir/13.69811446693078,100.47281142986598/13.81985,100.60928
https://www.google.co.th/maps/dir/13.69811446693078,100.47281142986598/13.79806,100.60672
https://www.google.co.th/maps/dir/13.69811446693078,100.47281142986598/16.67845,102.80397
https://www.google.co.th/maps/dir/13.69811446693078,100.47281142986598/13.96913,100.64475
https://www.google.co.th/maps/dir/13.69811446693078,100.47281142986598/10.49873,99.17934
https://www.google.co.th/maps/dir/13.69811446693078,100.47281142986598/16.09399,100.12462
https://www.google.co.th/maps/dir/13.69811446693078,100.47281142986598/13.82931,100.63929
https://www.google.co.th/maps/dir/13.69811446693078,100.47281142986598/14.1131,100.59868
https://www.google.co.th/maps/dir/13.69811446693078,100.47281142986598/12.64968,102.03086
https://www.google.co.th/maps/dir/13.69811446693078,100.47281142986598/16.42167,101.15567
https://www.google.co.th/maps/dir/13.69811446693078,100.47281142986598/13.85706,100.53711
https://www.google.co.th/maps/dir/13.69811446693078,100.47281142986598/13.85745,100.73321
https://www.google.co.th/maps/dir/13.69811446693078,100.47281142986598/13.94544,100.61548
https://www.google.co.th/maps/dir/13.69811446693078,100.47281142986598/15.23488,102.37819
https://www.google.co.th/maps/dir/13.69811446693078,100.47281142986598/14.36015,100.87735
https://www.google.co.th/maps/dir/13.69811446693078,100.47281142986598/14.38273,100.85665
https://www.google.co.th/maps/dir/13.69811446693078,100.47281142986598/13.7052,100.34091
https://www.google.co.th/maps/dir/13.69811446693078,100.47281142986598/17.88503,102.76007
https://www.google.co.th/maps/dir/13.69811446693078,100.47281142986598/13.1601,100.94664
https://www.google.co.th/maps/dir/13.69811446693078,100.47281142986598/14.68561,102.5335
https://www.google.co.th/maps/dir/13.69811446693078,100.47281142986598/16.67392,103.29892
https://www.google.co.th/maps/dir/13.69811446693078,100.47281142986598/15.99578,101.06606
https://www.google.co.th/maps/dir/13.69811446693078,100.47281142986598/16.4895,102.45581
https://www.google.co.th/maps/dir/13.69811446693078,100.47281142986598/14.75524,102.32517
https://www.google.co.th/maps/dir/13.69811446693078,100.47281142986598/14.66497,102.60919
https://www.google.co.th/maps/dir/13.69811446693078,100.47281142986598/13.72481,100.52909
https://www.google.co.th/maps/dir/13.69811446693078,100.47281142986598/15.22918,102.36968
https://www.google.co.th/maps/dir/13.69811446693078,100.47281142986598/13.843,100.49389
https://www.google.co.th/maps/dir/13.69811446693078,100.47281142986598/14.03369,100.34988
https://www.google.co.th/maps/dir/13.69811446693078,100.47281142986598/13.87003,100.55715
https://www.google.co.th/maps/dir/13.69811446693078,100.47281142986598/13.4328,101.03555
https://www.google.co.th/maps/dir/13.69811446693078,100.47281142986598/16.38846,102.82527
https://www.google.co.th/maps/dir/13.69811446693078,100.47281142986598/13.72463,100.52284
https://www.google.co.th/maps/dir/13.69811446693078,100.47281142986598/13.79739,100.5476

https://www.google.co.th/maps/dir/13.69811446693078,100.47281142986598/12.70223,101.24609
https://www.google.co.th/maps/dir/13.69811446693078,100.47281142986598/13.84478,100.66346
https://www.google.co.th/maps/dir/13.69811446693078,100.47281142986598/19.34921,98.4352
https://www.google.co.th/maps/dir/13.69811446693078,100.47281142986598/14.65555,101.34902
https://www.google.co.th/maps/dir/13.69811446693078,100.47281142986598/14.63511,101.2093
https://www.google.co.th/maps/dir/13.69811446693078,100.47281142986598/14.65882,101.38571
https://www.google.co.th/maps/dir/13.69811446693078,100.47281142986598/14.66642,101.42674
https://www.google.co.th/maps/dir/13.69811446693078,100.47281142986598/13.91282,100.49646
https://www.google.co.th/maps/dir/13.69811446693078,100.47281142986598/13.90162,100.53556
https://www.google.co.th/maps/dir/13.69811446693078,100.47281142986598/6.95223,100.41889
https://www.google.co.th/maps/dir/13.69811446693078,100.47281142986598/13.42075,101.09812
https://www.google.co.th/maps/dir/13.69811446693078,100.47281142986598/12.68364,101.24913
https://www.google.co.th/maps/dir/13.69811446693078,100.47281142986598/14.02068,100.52335
https://www.google.co.th/maps/dir/13.69811446693078,100.47281142986598/14.01718,100.52522
https://www.google.co.th/maps/dir/13.69811446693078,100.47281142986598/12.6255,101.42467
https://www.google.co.th/maps/dir/13.69811446693078,100.47281142986598/13.27137,99.82053
https://www.google.co.th/maps/dir/13.69811446693078,100.47281142986598/13.74443,100.58742
https://www.google.co.th/maps/dir/13.69811446693078,100.47281142986598/13.75187,100.53588
https://www.google.co.th/maps/dir/13.69811446693078,100.47281142986598/13.84479,100.57905
https://www.google.co.th/maps/dir/13.69811446693078,100.47281142986598/13.44361,101.28262
https://www.google.co.th/maps/dir/13.69811446693078,100.47281142986598/13.34722,101.27163
https://www.google.co.th/maps/dir/13.69811446693078,100.47281142986598/13.43717,101.14115
https://www.google.co.th/maps/dir/13.69811446693078,100.47281142986598/13.5218,101.2663
https://www.google.co.th/maps/dir/13.69811446693078,100.47281142986598/13.74557,101.4506
https://www.google.co.th/maps/dir/13.69811446693078,100.47281142986598/13.42165,101.09888
https://www.google.co.th/maps/dir/13.69811446693078,100.47281142986598/13.72927,100.43432
https://www.google.co.th/maps/dir/13.69811446693078,100.47281142986598/7.55763,100.04671
https://www.google.co.th/maps/dir/13.69811446693078,100.47281142986598/15.05473,100.96806
https://www.google.co.th/maps/dir/13.69811446693078,100.47281142986598/14.8054,100.9116
https://www.google.co.th/maps/dir/13.69811446693078,100.47281142986598/19.19607,99.87554
https://www.google.co.th/maps/dir/13.69811446693078,100.47281142986598/19.15132,99.91111
https://www.google.co.th/maps/dir/13.69811446693078,100.47281142986598/15.39787,100.1472
https://www.google.co.th/maps/dir/13.69811446693078,100.47281142986598/16.41529,101.15051
https://www.google.co.th/maps/dir/13.69811446693078,100.47281142986598/16.53166,101.15678
https://www.google.co.th/maps/dir/13.69811446693078,100.47281142986598/13.11676,99.91054
https://www.google.co.th/maps/dir/13.69811446693078,100.47281142986598/13.72113,100.4595
https://www.google.co.th/maps/dir/13.69811446693078,100.47281142986598/13.69457,100.38022
https://www.google.co.th/maps/dir/13.69811446693078,100.47281142986598/13.70366,100.3605
https://www.google.co.th/maps/dir/13.69811446693078,100.47281142986598/13.68618,100.3434
https://www.google.co.th/maps/dir/13.69811446693078,100.47281142986598/16.76061,100.19251
https://www.google.co.th/maps/dir/13.69811446693078,100.47281142986598/16.75898,100.18981
https://www.google.co.th/maps/dir/13.69811446693078,100.47281142986598/13.90405,100.64956
https://www.google.co.th/maps/dir/13.69811446693078,100.47281142986598/13.62896,99.84773
https://www.google.co.th/maps/dir/13.69811446693078,100.47281142986598/14.13992,100.61765
https://www.google.co.th/maps/dir/13.69811446693078,100.47281142986598/14.30265,100.52607
https://www.google.co.th/maps/dir/13.69811446693078,100.47281142986598/13.75161,100.44408
https://www.google.co.th/maps/dir/13.69811446693078,100.47281142986598/13.83151,100.69909
https://www.google.co.th/maps/dir/13.69811446693078,100.47281142986598/13.35003,100.97201
https://www.google.co.th/maps/dir/13.69811446693078,100.47281142986598/14.84662,100.44647
https://www.google.co.th/maps/dir/13.69811446693078,100.47281142986598/7.89573,98.38921
https://www.google.co.th/maps/dir/13.69811446693078,100.47281142986598/13.67493,100.47109
https://www.google.co.th/maps/dir/13.69811446693078,100.47281142986598/13.7875,100.42595
https://www.google.co.th/maps/dir/13.69811446693078,100.47281142986598/13.74194,100.36414
https://www.google.co.th/maps/dir/13.69811446693078,100.47281142986598/13.73186,100.33013
https://www.google.co.th/maps/dir/13.69811446693078,100.47281142986598/13.66015,100.31157

https://www.google.co.th/maps/dir/13.69811446693078,100.47281142986598/14.74938,102.0351
https://www.google.co.th/maps/dir/13.69811446693078,100.47281142986598/13.67692,100.60349
https://www.google.co.th/maps/dir/13.69811446693078,100.47281142986598/14.0048,100.55618
https://www.google.co.th/maps/dir/13.69811446693078,100.47281142986598/13.60142,100.50685
https://www.google.co.th/maps/dir/13.69811446693078,100.47281142986598/13.60877,100.5121
https://www.google.co.th/maps/dir/13.69811446693078,100.47281142986598/13.8402,100.54254
https://www.google.co.th/maps/dir/13.69811446693078,100.47281142986598/13.88021,100.54639
https://www.google.co.th/maps/dir/13.69811446693078,100.47281142986598/13.87226,100.532
https://www.google.co.th/maps/dir/13.69811446693078,100.47281142986598/13.7785,100.58474
https://www.google.co.th/maps/dir/13.69811446693078,100.47281142986598/13.84396,100.50762
https://www.google.co.th/maps/dir/13.69811446693078,100.47281142986598/13.77606,100.56191
https://www.google.co.th/maps/dir/13.69811446693078,100.47281142986598/14.06203,101.3734
https://www.google.co.th/maps/dir/13.69811446693078,100.47281142986598/11.7415,99.74865
https://www.google.co.th/maps/dir/13.69811446693078,100.47281142986598/13.83795,100.60273
https://www.google.co.th/maps/dir/13.69811446693078,100.47281142986598/13.72068,100.67994
https://www.google.co.th/maps/dir/13.69811446693078,100.47281142986598/13.72418,100.65836
https://www.google.co.th/maps/dir/13.69811446693078,100.47281142986598/13.79415,100.56069
https://www.google.co.th/maps/dir/13.69811446693078,100.47281142986598/14.50443,100.52117
https://www.google.co.th/maps/dir/13.69811446693078,100.47281142986598/17.56648,102.28982
https://www.google.co.th/maps/dir/13.69811446693078,100.47281142986598/12.78606,101.66535

https://www.google.co.th/maps/dir/13.69811446693078,100.47281142986598/13.66833,100.68219
https://www.google.co.th/maps/dir/13.69811446693078,100.47281142986598/13.79235,100.61064
https://www.google.co.th/maps/dir/13.69811446693078,100.47281142986598/13.67205,100.45682
https://www.google.co.th/maps/dir/13.69811446693078,100.47281142986598/13.66549,100.44307
https://www.google.co.th/maps/dir/13.69811446693078,100.47281142986598/13.45334,100.08422
https://www.google.co.th/maps/dir/13.69811446693078,100.47281142986598/13.57812,100.30277
https://www.google.co.th/maps/dir/13.69811446693078,100.47281142986598/13.56876,100.28449
https://www.google.co.th/maps/dir/13.69811446693078,100.47281142986598/13.52596,100.76109
https://www.google.co.th/maps/dir/13.69811446693078,100.47281142986598/13.76602,100.61912
https://www.google.co.th/maps/dir/13.69811446693078,100.47281142986598/13.75115,100.65948
https://www.google.co.th/maps/dir/13.69811446693078,100.47281142986598/13.7962,100.70995
https://www.google.co.th/maps/dir/13.69811446693078,100.47281142986598/14.02748,100.66359
https://www.google.co.th/maps/dir/13.69811446693078,100.47281142986598/14.03683,100.73463
https://www.google.co.th/maps/dir/13.69811446693078,100.47281142986598/13.99608,100.6675
https://www.google.co.th/maps/dir/13.69811446693078,100.47281142986598/9.86198,98.62364
https://www.google.co.th/maps/dir/13.69811446693078,100.47281142986598/13.65743,100.49935
https://www.google.co.th/maps/dir/13.69811446693078,100.47281142986598/13.82471,100.75881
https://www.google.co.th/maps/dir/13.69811446693078,100.47281142986598/13.53047,99.79307
https://www.google.co.th/maps/dir/13.69811446693078,100.47281142986598/13.49411,99.7958
https://www.google.co.th/maps/dir/13.69811446693078,100.47281142986598/13.53564,99.81184
https://www.google.co.th/maps/dir/13.69811446693078,100.47281142986598/13.73135,100.56094
https://www.google.co.th/maps/dir/13.69811446693078,100.47281142986598/13.82057,100.57531
https://www.google.co.th/maps/dir/13.69811446693078,100.47281142986598/13.76301,100.56356
https://www.google.co.th/maps/dir/13.69811446693078,100.47281142986598/13.98792,100.60882
https://www.google.co.th/maps/dir/13.69811446693078,100.47281142986598/7.15259,100.2847
https://www.google.co.th/maps/dir/13.69811446693078,100.47281142986598/7.10511,100.33235

https://www.google.co.th/maps/dir/13.69811446693078,100.47281142986598/12.95328,101.21297
https://www.google.co.th/maps/dir/13.69811446693078,100.47281142986598/13.93725,100.53983
https://www.google.co.th/maps/dir/13.69811446693078,100.47281142986598/13.61553,100.67919
https://www.google.co.th/maps/dir/13.69811446693078,100.47281142986598/16.07898,103.6462
https://www.google.co.th/maps/dir/13.69811446693078,100.47281142986598/16.04709,103.66313
https://www.google.co.th/maps/dir/13.69811446693078,100.47281142986598/16.06359,103.6655
https://www.google.co.th/maps/dir/13.69811446693078,100.47281142986598/13.79875,100.74454

https://www.google.co.th/maps/dir/13.69811446693078,100.47281142986598/13.77821,100.52441
https://www.google.co.th/maps/dir/13.69811446693078,100.47281142986598/13.99059,100.68614
https://www.google.co.th/maps/dir/13.69811446693078,100.47281142986598/13.90675,100.63019
https://www.google.co.th/maps/dir/13.69811446693078,100.47281142986598/17.15731,104.14361
https://www.google.co.th/maps/dir/13.69811446693078,100.47281142986598/13.74556,100.20701
https://www.google.co.th/maps/dir/13.69811446693078,100.47281142986598/12.32294,99.87839
https://www.google.co.th/maps/dir/13.69811446693078,100.47281142986598/13.82425,100.72621
https://www.google.co.th/maps/dir/13.69811446693078,100.47281142986598/14.06402,100.52396
https://www.google.co.th/maps/dir/13.69811446693078,100.47281142986598/14.10924,100.57025
https://www.google.co.th/maps/dir/13.69811446693078,100.47281142986598/13.75655,100.28253
https://www.google.co.th/maps/dir/13.69811446693078,100.47281142986598/13.51717,100.67384
https://www.google.co.th/maps/dir/13.69811446693078,100.47281142986598/13.59826,100.60222
https://www.google.co.th/maps/dir/13.69811446693078,100.47281142986598/13.63233,100.36484
https://www.google.co.th/maps/dir/13.69811446693078,100.47281142986598/13.57763,100.30501
https://www.google.co.th/maps/dir/13.69811446693078,100.47281142986598/13.44016,100.06479
https://www.google.co.th/maps/dir/13.69811446693078,100.47281142986598/13.56419,100.69406
https://www.google.co.th/maps/dir/13.69811446693078,100.47281142986598/18.85322,99.09204
https://www.google.co.th/maps/dir/13.69811446693078,100.47281142986598/18.84135,99.07082
https://www.google.co.th/maps/dir/13.69811446693078,100.47281142986598/14.62042,103.84026
https://www.google.co.th/maps/dir/13.69811446693078,100.47281142986598/18.62851,98.89696
https://www.google.co.th/maps/dir/13.69811446693078,100.47281142986598/13.94275,100.54024
https://www.google.co.th/maps/dir/13.69811446693078,100.47281142986598/14.5726,100.90206
https://www.google.co.th/maps/dir/13.69811446693078,100.47281142986598/18.6707,99.05187
https://www.google.co.th/maps/dir/13.69811446693078,100.47281142986598/13.7189,100.52
https://www.google.co.th/maps/dir/13.69811446693078,100.47281142986598/13.68996,100.5339
https://www.google.co.th/maps/dir/13.69811446693078,100.47281142986598/13.68126,100.53084
https://www.google.co.th/maps/dir/13.69811446693078,100.47281142986598/12.73626,100.89282
https://www.google.co.th/maps/dir/13.69811446693078,100.47281142986598/12.8607,100.90685
https://www.google.co.th/maps/dir/13.69811446693078,100.47281142986598/15.22971,104.97727
https://www.google.co.th/maps/dir/13.69811446693078,100.47281142986598/14.63344,102.79904
https://www.google.co.th/maps/dir/13.69811446693078,100.47281142986598/14.63269,102.80747
https://www.google.co.th/maps/dir/13.69811446693078,100.47281142986598/13.91944,100.41987
https://www.google.co.th/maps/dir/13.69811446693078,100.47281142986598/13.83953,100.58226
https://www.google.co.th/maps/dir/13.69811446693078,100.47281142986598/13.83162,100.59943
https://www.google.co.th/maps/dir/13.69811446693078,100.47281142986598/17.37387,102.84961
https://www.google.co.th/maps/dir/13.69811446693078,100.47281142986598/18.74056,99.9739
https://www.google.co.th/maps/dir/13.69811446693078,100.47281142986598/13.81295,100.7136
https://www.google.co.th/maps/dir/13.69811446693078,100.47281142986598/13.96233,100.6198
https://www.google.co.th/maps/dir/13.69811446693078,100.47281142986598/13.92128,100.65404
https://www.google.co.th/maps/dir/13.69811446693078,100.47281142986598/7.21585,100.55604
https://www.google.co.th/maps/dir/13.69811446693078,100.47281142986598/15.10782,104.32981
https://www.google.co.th/maps/dir/13.69811446693078,100.47281142986598/12.67628,101.30256
https://www.google.co.th/maps/dir/13.69811446693078,100.47281142986598/14.19384,100.64354
https://www.google.co.th/maps/dir/13.69811446693078,100.47281142986598/13.64422,100.6362
https://www.google.co.th/maps/dir/13.69811446693078,100.47281142986598/13.72707,100.49535
https://www.google.co.th/maps/dir/13.69811446693078,100.47281142986598/13.78977,100.70304
https://www.google.co.th/maps/dir/13.69811446693078,100.47281142986598/13.803,100.63324
https://www.google.co.th/maps/dir/13.69811446693078,100.47281142986598/13.84,100.63908
https://www.google.co.th/maps/dir/13.69811446693078,100.47281142986598/13.82852,100.39675
https://www.google.co.th/maps/dir/13.69811446693078,100.47281142986598/13.92584,100.38453
https://www.google.co.th/maps/dir/13.69811446693078,100.47281142986598/14.45871,100.03586
https://www.google.co.th/maps/dir/13.69811446693078,100.47281142986598/7.18761,100.59267
https://www.google.co.th/maps/dir/13.69811446693078,100.47281142986598/14.01682,99.53426
https://www.google.co.th/maps/dir/13.69811446693078,100.47281142986598/15.67613,101.98533
https://www.google.co.th/maps/dir/13.69811446693078,100.47281142986598/16.42889,102.847
https://www.google.co.th/maps/dir/13.69811446693078,100.47281142986598/13.15224,100.93225
https://www.google.co.th/maps/dir/13.69811446693078,100.47281142986598/13.16904,100.9317
https://www.google.co.th/maps/dir/13.69811446693078,100.47281142986598/13.09413,101.10324
https://www.google.co.th/maps/dir/13.69811446693078,100.47281142986598/13.14981,100.96781
https://www.google.co.th/maps/dir/13.69811446693078,100.47281142986598/13.78732,100.44623
https://www.google.co.th/maps/dir/13.69811446693078,100.47281142986598/13.36819,100.9869
https://www.google.co.th/maps/dir/13.69811446693078,100.47281142986598/13.71076,100.63462
https://www.google.co.th/maps/dir/13.69811446693078,100.47281142986598/13.77435,100.50673
https://www.google.co.th/maps/dir/13.69811446693078,100.47281142986598/13.65086,100.4878
https://www.google.co.th/maps/dir/13.69811446693078,100.47281142986598/13.73349,100.60759
https://www.google.co.th/maps/dir/13.69811446693078,100.47281142986598/13.54595,99.44055
https://www.google.co.th/maps/dir/13.69811446693078,100.47281142986598/13.71866,100.53888
https://www.google.co.th/maps/dir/13.69811446693078,100.47281142986598/13.7458,100.50965
https://www.google.co.th/maps/dir/13.69811446693078,100.47281142986598/13.62352,100.53803
https://www.google.co.th/maps/dir/13.69811446693078,100.47281142986598/13.6849,100.62766
https://www.google.co.th/maps/dir/13.69811446693078,100.47281142986598/13.40567,101.04324

https://www.google.co.th/maps/dir/13.69811446693078,100.47281142986598/14.2574,99.90668
https://www.google.co.th/maps/dir/13.69811446693078,100.47281142986598/14.47508,100.10147
https://www.google.co.th/maps/dir/13.69811446693078,100.47281142986598/14.48013,100.07893
https://www.google.co.th/maps/dir/13.69811446693078,100.47281142986598/14.86472,102.03619
https://www.google.co.th/maps/dir/13.69811446693078,100.47281142986598/9.1216,99.2889
https://www.google.co.th/maps/dir/13.69811446693078,100.47281142986598/9.14807,99.38381
https://www.google.co.th/maps/dir/13.69811446693078,100.47281142986598/14.77241,103.62249
https://www.google.co.th/maps/dir/13.69811446693078,100.47281142986598/14.88764,103.48076
https://www.google.co.th/maps/dir/13.69811446693078,100.47281142986598/13.78943,100.56226
https://www.google.co.th/maps/dir/13.69811446693078,100.47281142986598/13.69,100.75011
https://www.google.co.th/maps/dir/13.69811446693078,100.47281142986598/13.82011,100.74038
https://www.google.co.th/maps/dir/13.69811446693078,100.47281142986598/16.85277,99.11634
https://www.google.co.th/maps/dir/13.69811446693078,100.47281142986598/16.87754,99.1297
https://www.google.co.th/maps/dir/13.69811446693078,100.47281142986598/13.73204,100.5137
https://www.google.co.th/maps/dir/13.69811446693078,100.47281142986598/14.95022,102.13199
https://www.google.co.th/maps/dir/13.69811446693078,100.47281142986598/13.78303,100.45579
https://www.google.co.th/maps/dir/13.69811446693078,100.47281142986598/13.7983,100.44586
https://www.google.co.th/maps/dir/13.69811446693078,100.47281142986598/12.64182,102.17058
https://www.google.co.th/maps/dir/13.69811446693078,100.47281142986598/12.65957,101.32445
https://www.google.co.th/maps/dir/13.69811446693078,100.47281142986598/12.68793,101.25196
https://www.google.co.th/maps/dir/13.69811446693078,100.47281142986598/12.64002,101.39011
https://www.google.co.th/maps/dir/13.69811446693078,100.47281142986598/13.7664,100.50786
https://www.google.co.th/maps/dir/13.69811446693078,100.47281142986598/10.6399,99.18388
https://www.google.co.th/maps/dir/13.69811446693078,100.47281142986598/13.88579,100.57423
https://www.google.co.th/maps/dir/13.69811446693078,100.47281142986598/13.87884,100.45918
https://www.google.co.th/maps/dir/13.69811446693078,100.47281142986598/12.61444,102.12798
https://www.google.co.th/maps/dir/13.69811446693078,100.47281142986598/13.75522,100.48868
https://www.google.co.th/maps/dir/13.69811446693078,100.47281142986598/13.86813,99.82157
https://www.google.co.th/maps/dir/13.69811446693078,100.47281142986598/13.91217,99.77057
https://www.google.co.th/maps/dir/13.69811446693078,100.47281142986598/13.96851,99.70382
https://www.google.co.th/maps/dir/13.69811446693078,100.47281142986598/13.98022,99.62614
https://www.google.co.th/maps/dir/13.69811446693078,100.47281142986598/14.09276,100.63124
https://www.google.co.th/maps/dir/13.69811446693078,100.47281142986598/13.80343,100.02122
https://www.google.co.th/maps/dir/13.69811446693078,100.47281142986598/14.04389,99.78504
https://www.google.co.th/maps/dir/13.69811446693078,100.47281142986598/14.03657,99.79707
https://www.google.co.th/maps/dir/13.69811446693078,100.47281142986598/14.07424,100.6167
https://www.google.co.th/maps/dir/13.69811446693078,100.47281142986598/13.78985,100.19629
https://www.google.co.th/maps/dir/13.69811446693078,100.47281142986598/13.85717,100.64329
https://www.google.co.th/maps/dir/13.69811446693078,100.47281142986598/14.12923,100.74787
https://www.google.co.th/maps/dir/13.69811446693078,100.47281142986598/14.0592,100.74455
https://www.google.co.th/maps/dir/13.69811446693078,100.47281142986598/13.88419,100.52395
https://www.google.co.th/maps/dir/13.69811446693078,100.47281142986598/16.95988,104.72586
https://www.google.co.th/maps/dir/13.69811446693078,100.47281142986598/13.78638,100.38048
https://www.google.co.th/maps/dir/13.69811446693078,100.47281142986598/12.90361,100.86969
https://www.google.co.th/maps/dir/13.69811446693078,100.47281142986598/14.04213,99.50394
https://www.google.co.th/maps/dir/13.69811446693078,100.47281142986598/19.91426,99.8438
https://www.google.co.th/maps/dir/13.69811446693078,100.47281142986598/14.54991,100.86622
https://www.google.co.th/maps/dir/13.69811446693078,100.47281142986598/13.79003,100.54804
https://www.google.co.th/maps/dir/13.69811446693078,100.47281142986598/17.62291,99.23707
https://www.google.co.th/maps/dir/13.69811446693078,100.47281142986598/17.61813,99.23219
https://www.google.co.th/maps/dir/13.69811446693078,100.47281142986598/13.59623,100.7419
https://www.google.co.th/maps/dir/13.69811446693078,100.47281142986598/13.62603,100.62937
https://www.google.co.th/maps/dir/13.69811446693078,100.47281142986598/13.60499,100.69459
https://www.google.co.th/maps/dir/13.69811446693078,100.47281142986598/13.87874,100.63
https://www.google.co.th/maps/dir/13.69811446693078,100.47281142986598/13.67296,101.06215
https://www.google.co.th/maps/dir/13.69811446693078,100.47281142986598/13.73514,100.5829
https://www.google.co.th/maps/dir/13.69811446693078,100.47281142986598/13.62983,100.5044
https://www.google.co.th/maps/dir/13.69811446693078,100.47281142986598/15.22779,104.85924
https://www.google.co.th/maps/dir/13.69811446693078,100.47281142986598/10.14614,99.09677
https://www.google.co.th/maps/dir/13.69811446693078,100.47281142986598/13.75302,100.49835
https://www.google.co.th/maps/dir/13.69811446693078,100.47281142986598/13.63615,100.60758
https://www.google.co.th/maps/dir/13.69811446693078,100.47281142986598/13.92332,100.52189
https://www.google.co.th/maps/dir/13.69811446693078,100.47281142986598/13.76934,100.6066
https://www.google.co.th/maps/dir/13.69811446693078,100.47281142986598/7.57273,99.60573
https://www.google.co.th/maps/dir/13.69811446693078,100.47281142986598/12.24884,102.51459
https://www.google.co.th/maps/dir/13.69811446693078,100.47281142986598/19.54718,99.74161
https://www.google.co.th/maps/dir/13.69811446693078,100.47281142986598/7.15162,100.62172
https://www.google.co.th/maps/dir/13.69811446693078,100.47281142986598/13.67868,100.61125
https://www.google.co.th/maps/dir/13.69811446693078,100.47281142986598/13.67792,100.63283
https://www.google.co.th/maps/dir/13.69811446693078,100.47281142986598/17.31062,102.85138
https://www.google.co.th/maps/dir/13.69811446693078,100.47281142986598/17.38191,102.75409
https://www.google.co.th/maps/dir/13.69811446693078,100.47281142986598/14.32275,100.63136
https://www.google.co.th/maps/dir/13.69811446693078,100.47281142986598/14.35074,100.66367
https://www.google.co.th/maps/dir/13.69811446693078,100.47281142986598/17.59331,100.13099
https://www.google.co.th/maps/dir/13.69811446693078,100.47281142986598/17.60158,100.12368
https://www.google.co.th/maps/dir/13.69811446693078,100.47281142986598/16.47864,100.14729
https://www.google.co.th/maps/dir/13.69811446693078,100.47281142986598/13.79718,100.57027
https://www.google.co.th/maps/dir/13.69811446693078,100.47281142986598/13.87418,100.5794
https://www.google.co.th/maps/dir/13.69811446693078,100.47281142986598/13.84632,100.56213
https://www.google.co.th/maps/dir/13.69811446693078,100.47281142986598/13.82613,100.55863
https://www.google.co.th/maps/dir/13.69811446693078,100.47281142986598/13.76478,100.53739
https://www.google.co.th/maps/dir/13.69811446693078,100.47281142986598/9.53042,99.13245
https://www.google.co.th/maps/dir/13.69811446693078,100.47281142986598/18.77869,99.07057
https://www.google.co.th/maps/dir/13.69811446693078,100.47281142986598/13.75537,100.48545
https://www.google.co.th/maps/dir/13.69811446693078,100.47281142986598/14.24477,100.74865
https://www.google.co.th/maps/dir/13.69811446693078,100.47281142986598/14.2043,100.6628
https://www.google.co.th/maps/dir/13.69811446693078,100.47281142986598/14.20565,100.66817
https://www.google.co.th/maps/dir/13.69811446693078,100.47281142986598/14.2606,100.77501
https://www.google.co.th/maps/dir/13.69811446693078,100.47281142986598/13.76697,100.60051
https://www.google.co.th/maps/dir/13.69811446693078,100.47281142986598/13.76696,100.53351
https://www.google.co.th/maps/dir/13.69811446693078,100.47281142986598/15.17413,104.85746
https://www.google.co.th/maps/dir/13.69811446693078,100.47281142986598/15.1724,104.79328
https://www.google.co.th/maps/dir/13.69811446693078,100.47281142986598/13.89203,100.64218
https://www.google.co.th/maps/dir/13.69811446693078,100.47281142986598/13.72728,100.59612
https://www.google.co.th/maps/dir/13.69811446693078,100.47281142986598/19.33885,99.5104
https://www.google.co.th/maps/dir/13.69811446693078,100.47281142986598/15.59928,101.06445
https://www.google.co.th/maps/dir/13.69811446693078,100.47281142986598/13.72874,100.53535
https://www.google.co.th/maps/dir/13.69811446693078,100.47281142986598/13.81016,99.69661
https://www.google.co.th/maps/dir/13.69811446693078,100.47281142986598/14.97552,102.0978
https://www.google.co.th/maps/dir/13.69811446693078,100.47281142986598/13.74075,100.5082
https://www.google.co.th/maps/dir/13.69811446693078,100.47281142986598/13.89714,100.60885